{"sources":{"7":{"type":"sqlite-file","metadata":{"path":"../data/CycleChain.sqlite"},"cache":[{"DaysToManufacture":0,"Weight":null},{"DaysToManufacture":0,"Weight":null},{"DaysToManufacture":1,"Weight":null},{"DaysToManufacture":0,"Weight":null},{"DaysToManufacture":1,"Weight":null},{"DaysToManufacture":0,"Weight":null},{"DaysToManufacture":0,"Weight":null},{"DaysToManufacture":0,"Weight":null},{"DaysToManufacture":0,"Weight":null},{"DaysToManufacture":0,"Weight":null},{"DaysToManufacture":0,"Weight":null},{"DaysToManufacture":0,"Weight":null},{"DaysToManufacture":1,"Weight":null},{"DaysToManufacture":0,"Weight":null},{"DaysToManufacture":0,"Weight":null},{"DaysToManufacture":1,"Weight":null},{"DaysToManufacture":1,"Weight":null},{"DaysToManufacture":1,"Weight":null},{"DaysToManufacture":1,"Weight":null},{"DaysToManufacture":1,"Weight":null},{"DaysToManufacture":0,"Weight":null},{"DaysToManufacture":0,"Weight":null},{"DaysToManufacture":0,"Weight":null},{"DaysToManufacture":0,"Weight":null},{"DaysToManufacture":0,"Weight":null},{"DaysToManufacture":0,"Weight":null},{"DaysToManufacture":0,"Weight":null},{"DaysToManufacture":0,"Weight":null},{"DaysToManufacture":0,"Weight":null},{"DaysToManufacture":0,"Weight":null},{"DaysToManufacture":1,"Weight":null},{"DaysToManufacture":0,"Weight":null},{"DaysToManufacture":0,"Weight":null},{"DaysToManufacture":0,"Weight":null},{"DaysToManufacture":0,"Weight":null},{"DaysToManufacture":0,"Weight":null},{"DaysToManufacture":0,"Weight":null},{"DaysToManufacture":0,"Weight":null},{"DaysToManufacture":0,"Weight":null},{"DaysToManufacture":0,"Weight":null},{"DaysToManufacture":0,"Weight":null},{"DaysToManufacture":0,"Weight":null},{"DaysToManufacture":0,"Weight":null},{"DaysToManufacture":0,"Weight":null},{"DaysToManufacture":0,"Weight":null},{"DaysToManufacture":0,"Weight":null},{"DaysToManufacture":0,"Weight":null},{"DaysToManufacture":0,"Weight":null},{"DaysToManufacture":0,"Weight":null},{"DaysToManufacture":0,"Weight":null},{"DaysToManufacture":0,"Weight":null},{"DaysToManufacture":0,"Weight":null},{"DaysToManufacture":0,"Weight":null},{"DaysToManufacture":0,"Weight":null},{"DaysToManufacture":0,"Weight":null},{"DaysToManufacture":0,"Weight":null},{"DaysToManufacture":0,"Weight":null},{"DaysToManufacture":0,"Weight":null},{"DaysToManufacture":0,"Weight":null},{"DaysToManufacture":0,"Weight":null},{"DaysToManufacture":0,"Weight":null},{"DaysToManufacture":0,"Weight":null},{"DaysToManufacture":0,"Weight":null},{"DaysToManufacture":0,"Weight":null},{"DaysToManufacture":0,"Weight":null},{"DaysToManufacture":0,"Weight":null},{"DaysToManufacture":0,"Weight":null},{"DaysToManufacture":0,"Weight":null},{"DaysToManufacture":0,"Weight":null},{"DaysToManufacture":0,"Weight":null},{"DaysToManufacture":0,"Weight":null},{"DaysToManufacture":0,"Weight":null},{"DaysToManufacture":0,"Weight":null},{"DaysToManufacture":0,"Weight":null},{"DaysToManufacture":0,"Weight":null},{"DaysToManufacture":0,"Weight":null},{"DaysToManufacture":1,"Weight":null},{"DaysToManufacture":1,"Weight":null},{"DaysToManufacture":1,"Weight":null},{"DaysToManufacture":1,"Weight":null},{"DaysToManufacture":0,"Weight":null},{"DaysToManufacture":0,"Weight":null},{"DaysToManufacture":0,"Weight":null},{"DaysToManufacture":0,"Weight":null},{"DaysToManufacture":0,"Weight":null},{"DaysToManufacture":0,"Weight":null},{"DaysToManufacture":0,"Weight":null},{"DaysToManufacture":0,"Weight":null},{"DaysToManufacture":0,"Weight":null},{"DaysToManufacture":0,"Weight":null},{"DaysToManufacture":0,"Weight":null},{"DaysToManufacture":0,"Weight":null},{"DaysToManufacture":0,"Weight":null},{"DaysToManufacture":0,"Weight":null},{"DaysToManufacture":0,"Weight":null},{"DaysToManufacture":0,"Weight":null},{"DaysToManufacture":0,"Weight":null},{"DaysToManufacture":0,"Weight":null},{"DaysToManufacture":0,"Weight":null},{"DaysToManufacture":0,"Weight":null},{"DaysToManufacture":0,"Weight":null},{"DaysToManufacture":0,"Weight":null},{"DaysToManufacture":0,"Weight":null},{"DaysToManufacture":0,"Weight":null},{"DaysToManufacture":0,"Weight":null},{"DaysToManufacture":0,"Weight":null},{"DaysToManufacture":0,"Weight":null},{"DaysToManufacture":0,"Weight":null},{"DaysToManufacture":0,"Weight":null},{"DaysToManufacture":0,"Weight":null},{"DaysToManufacture":0,"Weight":null},{"DaysToManufacture":0,"Weight":null},{"DaysToManufacture":0,"Weight":null},{"DaysToManufacture":0,"Weight":null},{"DaysToManufacture":0,"Weight":null},{"DaysToManufacture":0,"Weight":null},{"DaysToManufacture":0,"Weight":null},{"DaysToManufacture":0,"Weight":null},{"DaysToManufacture":0,"Weight":null},{"DaysToManufacture":0,"Weight":null},{"DaysToManufacture":0,"Weight":null},{"DaysToManufacture":0,"Weight":null},{"DaysToManufacture":0,"Weight":null},{"DaysToManufacture":0,"Weight":null},{"DaysToManufacture":0,"Weight":null},{"DaysToManufacture":0,"Weight":null},{"DaysToManufacture":0,"Weight":null},{"DaysToManufacture":0,"Weight":null},{"DaysToManufacture":0,"Weight":null},{"DaysToManufacture":0,"Weight":null},{"DaysToManufacture":0,"Weight":null},{"DaysToManufacture":0,"Weight":null},{"DaysToManufacture":0,"Weight":null},{"DaysToManufacture":0,"Weight":null},{"DaysToManufacture":0,"Weight":null},{"DaysToManufacture":0,"Weight":null},{"DaysToManufacture":0,"Weight":null},{"DaysToManufacture":0,"Weight":null},{"DaysToManufacture":0,"Weight":null},{"DaysToManufacture":0,"Weight":null},{"DaysToManufacture":0,"Weight":null},{"DaysToManufacture":0,"Weight":null},{"DaysToManufacture":0,"Weight":null},{"DaysToManufacture":0,"Weight":null},{"DaysToManufacture":0,"Weight":null},{"DaysToManufacture":0,"Weight":null},{"DaysToManufacture":0,"Weight":null},{"DaysToManufacture":0,"Weight":null},{"DaysToManufacture":0,"Weight":null},{"DaysToManufacture":0,"Weight":null},{"DaysToManufacture":0,"Weight":null},{"DaysToManufacture":0,"Weight":null},{"DaysToManufacture":0,"Weight":null},{"DaysToManufacture":0,"Weight":null},{"DaysToManufacture":0,"Weight":null},{"DaysToManufacture":0,"Weight":null},{"DaysToManufacture":0,"Weight":null},{"DaysToManufacture":0,"Weight":null},{"DaysToManufacture":0,"Weight":null},{"DaysToManufacture":0,"Weight":null},{"DaysToManufacture":0,"Weight":null},{"DaysToManufacture":0,"Weight":null},{"DaysToManufacture":0,"Weight":null},{"DaysToManufacture":0,"Weight":null},{"DaysToManufacture":0,"Weight":null},{"DaysToManufacture":0,"Weight":null},{"DaysToManufacture":0,"Weight":null},{"DaysToManufacture":0,"Weight":null},{"DaysToManufacture":0,"Weight":null},{"DaysToManufacture":0,"Weight":null},{"DaysToManufacture":0,"Weight":null},{"DaysToManufacture":0,"Weight":null},{"DaysToManufacture":0,"Weight":null},{"DaysToManufacture":0,"Weight":null},{"DaysToManufacture":0,"Weight":null},{"DaysToManufacture":0,"Weight":null},{"DaysToManufacture":0,"Weight":null},{"DaysToManufacture":0,"Weight":null},{"DaysToManufacture":0,"Weight":null},{"DaysToManufacture":0,"Weight":435},{"DaysToManufacture":0,"Weight":450},{"DaysToManufacture":0,"Weight":400},{"DaysToManufacture":0,"Weight":445},{"DaysToManufacture":0,"Weight":450},{"DaysToManufacture":0,"Weight":400},{"DaysToManufacture":0,"Weight":460},{"DaysToManufacture":1,"Weight":null},{"DaysToManufacture":1,"Weight":null},{"DaysToManufacture":1,"Weight":null},{"DaysToManufacture":1,"Weight":null},{"DaysToManufacture":1,"Weight":null},{"DaysToManufacture":1,"Weight":null},{"DaysToManufacture":1,"Weight":null},{"DaysToManufacture":1,"Weight":null},{"DaysToManufacture":1,"Weight":null},{"DaysToManufacture":0,"Weight":null},{"DaysToManufacture":0,"Weight":null},{"DaysToManufacture":0,"Weight":null},{"DaysToManufacture":0,"Weight":null},{"DaysToManufacture":0,"Weight":null},{"DaysToManufacture":0,"Weight":null},{"DaysToManufacture":1,"Weight":null},{"DaysToManufacture":0,"Weight":null},{"DaysToManufacture":1,"Weight":null},{"DaysToManufacture":1,"Weight":null},{"DaysToManufacture":1,"Weight":null},{"DaysToManufacture":1,"Weight":null},{"DaysToManufacture":0,"Weight":null},{"DaysToManufacture":0,"Weight":null},{"DaysToManufacture":1,"Weight":2.24},{"DaysToManufacture":1,"Weight":2.24},{"DaysToManufacture":0,"Weight":null},{"DaysToManufacture":0,"Weight":null},{"DaysToManufacture":0,"Weight":null},{"DaysToManufacture":0,"Weight":null},{"DaysToManufacture":0,"Weight":null},{"DaysToManufacture":0,"Weight":null},{"DaysToManufacture":0,"Weight":null},{"DaysToManufacture":0,"Weight":null},{"DaysToManufacture":0,"Weight":null},{"DaysToManufacture":0,"Weight":null},{"DaysToManufacture":1,"Weight":2.3},{"DaysToManufacture":1,"Weight":2.12},{"DaysToManufacture":1,"Weight":2.16},{"DaysToManufacture":1,"Weight":2.2},{"DaysToManufacture":1,"Weight":2.24},{"DaysToManufacture":1,"Weight":2.46},{"DaysToManufacture":1,"Weight":2.48},{"DaysToManufacture":1,"Weight":2.5},{"DaysToManufacture":1,"Weight":2.32},{"DaysToManufacture":1,"Weight":2.36},{"DaysToManufacture":1,"Weight":2.4},{"DaysToManufacture":1,"Weight":2.46},{"DaysToManufacture":1,"Weight":2.48},{"DaysToManufacture":1,"Weight":2.5},{"DaysToManufacture":1,"Weight":2.22},{"DaysToManufacture":1,"Weight":2.26},{"DaysToManufacture":1,"Weight":2.3},{"DaysToManufacture":1,"Weight":2.36},{"DaysToManufacture":1,"Weight":2.38},{"DaysToManufacture":1,"Weight":2.32},{"DaysToManufacture":1,"Weight":2.36},{"DaysToManufacture":1,"Weight":2.4},{"DaysToManufacture":1,"Weight":2.72},{"DaysToManufacture":1,"Weight":2.76},{"DaysToManufacture":1,"Weight":2.8},{"DaysToManufacture":1,"Weight":2.84},{"DaysToManufacture":1,"Weight":2.72},{"DaysToManufacture":1,"Weight":2.76},{"DaysToManufacture":1,"Weight":2.8},{"DaysToManufacture":1,"Weight":2.84},{"DaysToManufacture":2,"Weight":2.68},{"DaysToManufacture":2,"Weight":2.68},{"DaysToManufacture":4,"Weight":15},{"DaysToManufacture":4,"Weight":13.77},{"DaysToManufacture":4,"Weight":14.13},{"DaysToManufacture":4,"Weight":14.42},{"DaysToManufacture":4,"Weight":14.68},{"DaysToManufacture":4,"Weight":17.79},{"DaysToManufacture":4,"Weight":17.9},{"DaysToManufacture":4,"Weight":16.77},{"DaysToManufacture":4,"Weight":17.13},{"DaysToManufacture":4,"Weight":17.42},{"DaysToManufacture":4,"Weight":19.79},{"DaysToManufacture":4,"Weight":19.9},{"DaysToManufacture":4,"Weight":20},{"DaysToManufacture":4,"Weight":18.77},{"DaysToManufacture":4,"Weight":19.13},{"DaysToManufacture":4,"Weight":19.42},{"DaysToManufacture":4,"Weight":19.79},{"DaysToManufacture":4,"Weight":19.9},{"DaysToManufacture":4,"Weight":20},{"DaysToManufacture":4,"Weight":18.77},{"DaysToManufacture":4,"Weight":19.13},{"DaysToManufacture":4,"Weight":19.42},{"DaysToManufacture":4,"Weight":20.35},{"DaysToManufacture":4,"Weight":20.77},{"DaysToManufacture":4,"Weight":21.13},{"DaysToManufacture":4,"Weight":21.42},{"DaysToManufacture":4,"Weight":20.35},{"DaysToManufacture":4,"Weight":20.77},{"DaysToManufacture":4,"Weight":21.13},{"DaysToManufacture":4,"Weight":21.42},{"DaysToManufacture":4,"Weight":23.35},{"DaysToManufacture":4,"Weight":23.77},{"DaysToManufacture":4,"Weight":24.13},{"DaysToManufacture":4,"Weight":23.35},{"DaysToManufacture":4,"Weight":23.77},{"DaysToManufacture":4,"Weight":24.13},{"DaysToManufacture":4,"Weight":25.35},{"DaysToManufacture":4,"Weight":25.77},{"DaysToManufacture":4,"Weight":26.13},{"DaysToManufacture":4,"Weight":26.42},{"DaysToManufacture":4,"Weight":14.77},{"DaysToManufacture":4,"Weight":15.13},{"DaysToManufacture":4,"Weight":15.42},{"DaysToManufacture":4,"Weight":15.79},{"DaysToManufacture":4,"Weight":14.77},{"DaysToManufacture":4,"Weight":15.13},{"DaysToManufacture":4,"Weight":15.42},{"DaysToManufacture":4,"Weight":15.68},{"DaysToManufacture":4,"Weight":17.35},{"DaysToManufacture":4,"Weight":17.77},{"DaysToManufacture":4,"Weight":18.13},{"DaysToManufacture":4,"Weight":18.42},{"DaysToManufacture":4,"Weight":18.68},{"DaysToManufacture":1,"Weight":null},{"DaysToManufacture":1,"Weight":null},{"DaysToManufacture":1,"Weight":null},{"DaysToManufacture":1,"Weight":null},{"DaysToManufacture":1,"Weight":null},{"DaysToManufacture":1,"Weight":null},{"DaysToManufacture":1,"Weight":null},{"DaysToManufacture":1,"Weight":null},{"DaysToManufacture":1,"Weight":null},{"DaysToManufacture":1,"Weight":null},{"DaysToManufacture":1,"Weight":null},{"DaysToManufacture":1,"Weight":null},{"DaysToManufacture":2,"Weight":2.73},{"DaysToManufacture":1,"Weight":null},{"DaysToManufacture":1,"Weight":null},{"DaysToManufacture":1,"Weight":null},{"DaysToManufacture":1,"Weight":900},{"DaysToManufacture":1,"Weight":850},{"DaysToManufacture":1,"Weight":650},{"DaysToManufacture":1,"Weight":null},{"DaysToManufacture":2,"Weight":2.18},{"DaysToManufacture":1,"Weight":null},{"DaysToManufacture":1,"Weight":null},{"DaysToManufacture":1,"Weight":null},{"DaysToManufacture":1,"Weight":1050},{"DaysToManufacture":1,"Weight":1000},{"DaysToManufacture":1,"Weight":890},{"DaysToManufacture":1,"Weight":null},{"DaysToManufacture":1,"Weight":2.77},{"DaysToManufacture":1,"Weight":2.81},{"DaysToManufacture":1,"Weight":2.85},{"DaysToManufacture":1,"Weight":2.22},{"DaysToManufacture":1,"Weight":2.26},{"DaysToManufacture":1,"Weight":2.3},{"DaysToManufacture":1,"Weight":2.34},{"DaysToManufacture":1,"Weight":2.3},{"DaysToManufacture":1,"Weight":2.12},{"DaysToManufacture":1,"Weight":2.16},{"DaysToManufacture":1,"Weight":2.2},{"DaysToManufacture":0,"Weight":null},{"DaysToManufacture":0,"Weight":null},{"DaysToManufacture":0,"Weight":null},{"DaysToManufacture":0,"Weight":null},{"DaysToManufacture":0,"Weight":null},{"DaysToManufacture":0,"Weight":null},{"DaysToManufacture":0,"Weight":null},{"DaysToManufacture":0,"Weight":null},{"DaysToManufacture":0,"Weight":null},{"DaysToManufacture":0,"Weight":null},{"DaysToManufacture":0,"Weight":null},{"DaysToManufacture":0,"Weight":null},{"DaysToManufacture":0,"Weight":null},{"DaysToManufacture":0,"Weight":null},{"DaysToManufacture":0,"Weight":null},{"DaysToManufacture":0,"Weight":null},{"DaysToManufacture":0,"Weight":null},{"DaysToManufacture":0,"Weight":null},{"DaysToManufacture":0,"Weight":null},{"DaysToManufacture":0,"Weight":null},{"DaysToManufacture":0,"Weight":null},{"DaysToManufacture":0,"Weight":null},{"DaysToManufacture":0,"Weight":null},{"DaysToManufacture":0,"Weight":null},{"DaysToManufacture":0,"Weight":null},{"DaysToManufacture":0,"Weight":null},{"DaysToManufacture":0,"Weight":null},{"DaysToManufacture":0,"Weight":null},{"DaysToManufacture":0,"Weight":null},{"DaysToManufacture":0,"Weight":null},{"DaysToManufacture":0,"Weight":null},{"DaysToManufacture":0,"Weight":null},{"DaysToManufacture":0,"Weight":null},{"DaysToManufacture":0,"Weight":null},{"DaysToManufacture":0,"Weight":null},{"DaysToManufacture":0,"Weight":null},{"DaysToManufacture":0,"Weight":null},{"DaysToManufacture":0,"Weight":null},{"DaysToManufacture":0,"Weight":null},{"DaysToManufacture":0,"Weight":null},{"DaysToManufacture":0,"Weight":null},{"DaysToManufacture":0,"Weight":null},{"DaysToManufacture":0,"Weight":null},{"DaysToManufacture":0,"Weight":null},{"DaysToManufacture":1,"Weight":3.08},{"DaysToManufacture":1,"Weight":3.2},{"DaysToManufacture":1,"Weight":2.96},{"DaysToManufacture":1,"Weight":3},{"DaysToManufacture":1,"Weight":3.04},{"DaysToManufacture":1,"Weight":2.96},{"DaysToManufacture":1,"Weight":3},{"DaysToManufacture":1,"Weight":3.04},{"DaysToManufacture":1,"Weight":3.08},{"DaysToManufacture":1,"Weight":215},{"DaysToManufacture":1,"Weight":3.1},{"DaysToManufacture":1,"Weight":3.14},{"DaysToManufacture":1,"Weight":3.16},{"DaysToManufacture":1,"Weight":3.2},{"DaysToManufacture":1,"Weight":3.02},{"DaysToManufacture":1,"Weight":3.1},{"DaysToManufacture":1,"Weight":3.14},{"DaysToManufacture":1,"Weight":3.16},{"DaysToManufacture":1,"Weight":3.02},{"DaysToManufacture":1,"Weight":2.77},{"DaysToManufacture":1,"Weight":2.81},{"DaysToManufacture":1,"Weight":2.85},{"DaysToManufacture":1,"Weight":317},{"DaysToManufacture":1,"Weight":null},{"DaysToManufacture":1,"Weight":null},{"DaysToManufacture":1,"Weight":null},{"DaysToManufacture":1,"Weight":null},{"DaysToManufacture":1,"Weight":null},{"DaysToManufacture":1,"Weight":null},{"DaysToManufacture":1,"Weight":null},{"DaysToManufacture":1,"Weight":null},{"DaysToManufacture":1,"Weight":null},{"DaysToManufacture":1,"Weight":2.92},{"DaysToManufacture":1,"Weight":2.96},{"DaysToManufacture":1,"Weight":3},{"DaysToManufacture":1,"Weight":3.04},{"DaysToManufacture":0,"Weight":null},{"DaysToManufacture":0,"Weight":null},{"DaysToManufacture":0,"Weight":null},{"DaysToManufacture":1,"Weight":2.92},{"DaysToManufacture":1,"Weight":2.96},{"DaysToManufacture":1,"Weight":3},{"DaysToManufacture":1,"Weight":3.04},{"DaysToManufacture":0,"Weight":null},{"DaysToManufacture":0,"Weight":null},{"DaysToManufacture":0,"Weight":null},{"DaysToManufacture":0,"Weight":null},{"DaysToManufacture":0,"Weight":null},{"DaysToManufacture":0,"Weight":null},{"DaysToManufacture":0,"Weight":null},{"DaysToManufacture":1,"Weight":218},{"DaysToManufacture":1,"Weight":215},{"DaysToManufacture":1,"Weight":185},{"DaysToManufacture":1,"Weight":189},{"DaysToManufacture":1,"Weight":168},{"DaysToManufacture":1,"Weight":149},{"DaysToManufacture":1,"Weight":null},{"DaysToManufacture":2,"Weight":2.73},{"DaysToManufacture":2,"Weight":2.88},{"DaysToManufacture":2,"Weight":2.88},{"DaysToManufacture":1,"Weight":88},{"DaysToManufacture":1,"Weight":null},{"DaysToManufacture":1,"Weight":null},{"DaysToManufacture":1,"Weight":317},{"DaysToManufacture":1,"Weight":600},{"DaysToManufacture":1,"Weight":635},{"DaysToManufacture":1,"Weight":575},{"DaysToManufacture":1,"Weight":null},{"DaysToManufacture":4,"Weight":27.9},{"DaysToManufacture":4,"Weight":25.13},{"DaysToManufacture":4,"Weight":25.42},{"DaysToManufacture":4,"Weight":25.68},{"DaysToManufacture":4,"Weight":25.9},{"DaysToManufacture":4,"Weight":29.68},{"DaysToManufacture":4,"Weight":29.9},{"DaysToManufacture":4,"Weight":30},{"DaysToManufacture":4,"Weight":28.77},{"DaysToManufacture":4,"Weight":29.13},{"DaysToManufacture":4,"Weight":29.42},{"DaysToManufacture":4,"Weight":29.79},{"DaysToManufacture":4,"Weight":30},{"DaysToManufacture":4,"Weight":25.13},{"DaysToManufacture":4,"Weight":25.42},{"DaysToManufacture":4,"Weight":25.68},{"DaysToManufacture":4,"Weight":25.9},{"DaysToManufacture":4,"Weight":27.13},{"DaysToManufacture":4,"Weight":27.42},{"DaysToManufacture":4,"Weight":27.68},{"DaysToManufacture":4,"Weight":15.35},{"DaysToManufacture":4,"Weight":15.77},{"DaysToManufacture":4,"Weight":16.13},{"DaysToManufacture":4,"Weight":16.42},{"DaysToManufacture":4,"Weight":20.79},{"DaysToManufacture":4,"Weight":28.77},{"DaysToManufacture":4,"Weight":29.13},{"DaysToManufacture":4,"Weight":26.35},{"DaysToManufacture":4,"Weight":26.77},{"DaysToManufacture":4,"Weight":27.13},{"DaysToManufacture":4,"Weight":27.42},{"DaysToManufacture":4,"Weight":27.35},{"DaysToManufacture":4,"Weight":27.77},{"DaysToManufacture":4,"Weight":28.13},{"DaysToManufacture":4,"Weight":28.42},{"DaysToManufacture":4,"Weight":28.68},{"DaysToManufacture":4,"Weight":27.35},{"DaysToManufacture":4,"Weight":27.77},{"DaysToManufacture":4,"Weight":28.13},{"DaysToManufacture":4,"Weight":28.42},{"DaysToManufacture":4,"Weight":28.68},{"DaysToManufacture":1,"Weight":223},{"DaysToManufacture":1,"Weight":168},{"DaysToManufacture":1,"Weight":170},{"DaysToManufacture":4,"Weight":19.77},{"DaysToManufacture":4,"Weight":20.13},{"DaysToManufacture":4,"Weight":20.42}],"uuid":7}},"marks":{"mark":"bar","width":264,"height":255,"encoding":{"x":{"field":"DaysToManufacture","type":"ordinal","scale":{"bandSize":20}},"y":{"field":"Weight","type":"quantitative"}}},"fields":[{"name":"DaysToManufacture","table":"Product","dataSource":7},{"name":"Weight","table":"Product","dataSource":7}]}